{"cameraMode":{"drawMode":0,"name":"Shaded","section":"Shading Mode"},"sceneLighting":true,"audioPlay":false,"sceneViewState":{"m_AlwaysRefresh":false,"showFog":true,"showSkybox":true,"showFlares":true,"showImageEffects":true,"showParticleSystems":true,"showVisualEffectGraphs":true,"m_FxEnabled":true},"in2DMode":false,"pivot":{"x":2.1046433448791506,"y":1.5555903911590577,"z":30.178804397583009},"rotation":{"x":0.1367117166519165,"y":0.08813697099685669,"z":0.012217095121741295,"w":-0.986613392829895},"size":81.06329345703125,"orthographic":false}