{"cameraMode":{"drawMode":0,"name":"Shaded","section":"Shading Mode"},"sceneLighting":true,"audioPlay":false,"sceneViewState":{"m_AlwaysRefresh":false,"showFog":true,"showSkybox":true,"showFlares":true,"showImageEffects":true,"showParticleSystems":true,"showVisualEffectGraphs":true,"m_FxEnabled":true},"in2DMode":false,"pivot":{"x":0.05477750301361084,"y":2.7590999603271486,"z":31.320053100585939},"rotation":{"x":0.03867840766906738,"y":-0.011394556611776352,"z":-0.0004369487287476659,"w":-0.9991940855979919},"size":14.3853178024292,"orthographic":false}