{"cameraMode":{"drawMode":0,"name":"Shaded","section":"Shading Mode"},"sceneLighting":true,"audioPlay":false,"sceneViewState":{"m_AlwaysRefresh":false,"showFog":true,"showSkybox":true,"showFlares":true,"showImageEffects":true,"showParticleSystems":true,"showVisualEffectGraphs":true,"m_FxEnabled":true},"in2DMode":false,"pivot":{"x":3.814659357070923,"y":-2.7645516395568849,"z":28.59132194519043},"rotation":{"x":-0.04074673354625702,"y":-0.05033993721008301,"z":0.002058114390820265,"w":-0.9979043006896973},"size":12.237821578979493,"orthographic":false}