{"cameraMode":{"drawMode":0,"name":"Shaded","section":"Shading Mode"},"sceneLighting":true,"audioPlay":false,"sceneViewState":{"m_AlwaysRefresh":false,"showFog":true,"showSkybox":true,"showFlares":true,"showImageEffects":true,"showParticleSystems":true,"showVisualEffectGraphs":true,"m_FxEnabled":true},"in2DMode":false,"pivot":{"x":-0.3834340572357178,"y":-0.049580931663513187,"z":52.040592193603519},"rotation":{"x":-0.03929657116532326,"y":-0.01289268210530281,"z":0.0005075522349216044,"w":-0.9991487860679627},"size":18.95744514465332,"orthographic":false}