{"cameraMode":{"drawMode":0,"name":"Shaded","section":"Shading Mode"},"sceneLighting":true,"audioPlay":false,"sceneViewState":{"m_AlwaysRefresh":false,"showFog":true,"showSkybox":true,"showFlares":true,"showImageEffects":true,"showParticleSystems":true,"showVisualEffectGraphs":true,"m_FxEnabled":true},"in2DMode":false,"pivot":{"x":7.955348014831543,"y":9.920816421508789,"z":52.523345947265628},"rotation":{"x":-0.04074673354625702,"y":-0.05033993721008301,"z":0.002058114390820265,"w":-0.9979043006896973},"size":32.19513702392578,"orthographic":false}