{"cameraMode":{"drawMode":0,"name":"Shaded","section":"Shading Mode"},"sceneLighting":false,"audioPlay":false,"sceneViewState":{"m_AlwaysRefresh":false,"showFog":true,"showSkybox":false,"showFlares":true,"showImageEffects":true,"showParticleSystems":true,"showVisualEffectGraphs":true,"m_FxEnabled":true},"in2DMode":false,"pivot":{"x":-0.011693358421325684,"y":-0.01829826831817627,"z":-0.03363233804702759},"rotation":{"x":0.03867840766906738,"y":-0.011394556611776352,"z":-0.0004369487287476659,"w":-0.9991940855979919},"size":1.3685303926467896,"orthographic":false}