{"cameraMode":{"drawMode":0,"name":"Shaded","section":"Shading Mode"},"sceneLighting":false,"audioPlay":false,"sceneViewState":{"m_AlwaysRefresh":false,"showFog":true,"showSkybox":false,"showFlares":true,"showImageEffects":true,"showParticleSystems":true,"showVisualEffectGraphs":true,"m_FxEnabled":true},"in2DMode":false,"pivot":{"x":-0.013539671897888184,"y":-0.012740731239318848,"z":-0.05092942714691162},"rotation":{"x":-0.12554186582565309,"y":0.08234231919050217,"z":-0.010444984771311283,"w":-0.988621175289154},"size":3.216867446899414,"orthographic":false}